,subnet,sim_run,BridgeID,ListMaintenanceRates,ListMaintenanceRatesCoded,Edge,Avail,TotalCost
0,1,0,0,[0.15],0,13,0.9442387423205711,1890.0
1,1,1,0,[0.4],1,13,0.9730535617363869,910.0
2,1,2,0,[0.15],0,13,0.9716894279845663,1820.0
3,1,3,0,[0.15],0,13,0.9429214971890864,3090.0
4,1,4,0,[0.4],1,13,0.9587471864930195,1110.0
5,1,5,0,[0.15],0,13,0.9220464354005098,1880.0
6,1,6,0,[0.15],0,13,0.9559608427790712,1640.0
7,1,7,0,[0.15],0,13,0.9548713367806199,2330.0
8,1,8,0,[0.15],0,13,0.922577623351169,2330.0
9,1,9,0,[0.15],0,13,0.9631749368206495,1420.0
10,1,10,0,[0.15],0,13,0.9332812270265826,2910.0
11,1,11,0,[0.15],0,13,0.9484439417975168,1280.0
12,1,12,0,[0.15],0,13,0.9472566696535343,3010.0
13,1,13,0,[0.15],0,13,0.8862578827671675,3570.0
14,1,14,0,[0.15],0,13,0.9653978593730305,910.0
15,1,15,0,[0.4],1,13,0.974551852956632,1270.0
16,1,16,0,[0.4],1,13,0.9776713165777303,530.0
17,1,17,0,[0.4],1,13,0.9493526522770747,1370.0
18,1,18,0,[0.4],1,13,0.9301072718074109,1700.0
19,1,19,0,[0.4],1,13,0.977960746326504,930.0
20,1,20,0,[0.15],0,13,0.9347161849227088,2060.0
21,1,21,0,[0.15],0,13,0.9433772620647178,2320.0
22,1,22,0,[0.15],0,13,0.9299653500119237,2210.0
23,1,23,0,[0.15],0,13,0.9528918250934638,1520.0
24,1,24,0,[0.15],0,13,0.9252416049429755,1900.0
25,1,25,0,[0.15],0,13,0.955252264863695,3460.0
26,1,26,0,[0.15],0,13,0.9524390362062833,1990.0
27,1,27,0,[0.15],0,13,0.9307674524144155,2620.0
28,1,28,0,[0.15],0,13,0.937371489651439,2240.0
29,1,29,0,[0.4],1,13,0.964140876066779,960.0
30,1,30,0,[0.15],0,13,0.9400546338127989,2070.0
31,1,31,0,[0.15],0,13,0.9282632545277523,2520.0
32,1,32,0,[0.4],1,13,0.9744936150199761,890.0
33,1,33,0,[0.4],1,13,0.9657921445936076,920.0
34,1,34,0,[0.4],1,13,0.9759475802026283,720.0
35,1,35,0,[0.4],1,13,0.9733828924409966,1710.0
36,1,36,0,[0.15],0,13,0.9185439428560748,2500.0
37,1,37,0,[0.4],1,13,0.9372794488819136,2230.0
38,1,38,0,[0.15],0,13,0.908156861143486,2760.0
39,1,39,0,[0.4],1,13,0.9599123557080322,1780.0
40,1,40,0,[0.4],1,13,0.9654550470339308,1120.0
41,1,41,0,[0.4],1,13,0.9762082127183322,900.0
42,1,42,0,[0.4],1,13,0.9603499817351023,1890.0
43,1,43,0,[0.4],1,13,0.9664999663431524,950.0
44,1,44,0,[0.15],0,13,0.9499669724049915,1420.0
45,1,45,0,[0.4],1,13,0.9889023073821831,440.0
46,1,46,0,[0.4],1,13,0.9583139403297759,1220.0
47,1,47,0,[0.4],1,13,0.9627743836697471,870.0
48,1,48,0,[0.15],0,13,0.94627127684923,2740.0
49,1,49,0,[0.15],0,13,0.9499151304787258,2630.0
50,1,50,0,[0.15],0,13,0.965417068269163,970.0
51,1,51,0,[0.15],0,13,0.9355295150397893,2750.0
52,1,52,0,[0.4],1,13,0.9764566445563485,930.0
53,1,53,0,[0.4],1,13,0.9735174624846356,1320.0
54,1,54,0,[0.15],0,13,0.9552573790014374,1780.0
55,1,55,0,[0.15],0,13,0.9626647153110789,1440.0
56,1,56,0,[0.4],1,13,0.9721581315238811,940.0
57,1,57,0,[0.15],0,13,0.969785715985452,2410.0
58,1,58,0,[0.4],1,13,0.9742680421638067,980.0
59,1,59,0,[0.4],1,13,0.9702726742415417,1570.0
60,1,60,0,[0.15],0,13,0.954252050444821,1890.0
61,1,61,0,[0.4],1,13,0.9631148017381483,1370.0
62,1,62,0,[0.15],0,13,0.9467275684417343,1660.0
63,1,63,0,[0.15],0,13,0.9309415249973474,2160.0
64,1,64,0,[0.4],1,13,0.9606079083391919,1760.0
65,1,65,0,[0.4],1,13,0.9765316348706027,330.0
66,1,66,0,[0.4],1,13,0.9774121516411808,540.0
67,1,67,0,[0.15],0,13,0.9356214246458321,2520.0
68,1,68,0,[0.4],1,13,0.9766994239468728,970.0
69,1,69,0,[0.4],1,13,0.9557826880133957,1160.0
70,1,70,0,[0.4],1,13,0.9668904958195845,960.0
71,1,71,0,[0.15],0,13,0.9268251004176694,2800.0
72,1,72,0,[0.4],1,13,0.9701858811877229,510.0
73,1,73,0,[0.15],0,13,0.9290740108819845,2060.0
74,1,74,0,[0.15],0,13,0.9534140043488821,1620.0
75,1,75,0,[0.4],1,13,0.959255958129996,950.0
76,1,76,0,[0.15],0,13,0.9322363278149903,1480.0
77,1,77,0,[0.15],0,13,0.9397682712769257,2250.0
78,1,78,0,[0.15],0,13,0.9408504479075437,1610.0
79,1,79,0,[0.4],1,13,0.9718159192461738,710.0
80,1,80,0,[0.15],0,13,0.9533589056437598,1630.0
81,1,81,0,[0.15],0,13,0.9628941314023125,1810.0
82,1,82,0,[0.4],1,13,0.9626971489456642,950.0
83,1,83,0,[0.15],0,13,0.9529399463110051,1640.0
84,1,84,0,[0.4],1,13,0.9700633040863799,750.0
85,1,85,0,[0.4],1,13,0.9769535068185115,1370.0
86,1,86,0,[0.15],0,13,0.9460484092868156,1430.0
87,1,87,0,[0.4],1,13,0.9353884621242371,1630.0
88,1,88,0,[0.4],1,13,0.9776864459844015,740.0
89,1,89,0,[0.4],1,13,0.9585717982433631,770.0
90,1,90,0,[0.15],0,13,0.9140339446156557,2330.0
91,1,91,0,[0.4],1,13,0.9584645182529847,1540.0
92,1,92,0,[0.15],0,13,0.9341007318467397,1520.0
93,1,93,0,[0.15],0,13,0.9366702384413819,2820.0
94,1,94,0,[0.15],0,13,0.953690312374869,1210.0
95,1,95,0,[0.15],0,13,0.914046698061271,2880.0
96,1,96,0,[0.15],0,13,0.9554746747184228,1260.0
97,1,97,0,[0.4],1,13,0.9709182720769525,1480.0
98,1,98,0,[0.15],0,13,0.9286204642883409,2100.0
99,1,99,0,[0.15],0,13,0.9378579019755428,1530.0
100,1,0,2,"[0.5, 0.5, 0.5]",1,40,0.7703011566653376,1100.0
101,1,1,2,"[0.2, 0.2, 0.2]",0,40,0.7487143680520928,2810.0
102,1,2,2,"[0.5, 0.2, 0.5]",2,40,0.768458478372108,2410.0
103,1,3,2,"[0.2, 0.2, 0.5]",2,40,0.7744983998906759,1480.0
104,1,4,2,"[0.2, 0.5, 0.5]",2,40,0.7511973068488212,2110.0
105,1,5,2,"[0.2, 0.2, 0.2]",0,40,0.7598442901194196,2190.0
106,1,6,2,"[0.2, 0.2, 0.2]",0,40,0.7456814624094157,1800.0
107,1,7,2,"[0.2, 0.2, 0.5]",2,40,0.7552532072625368,2320.0
108,1,8,2,"[0.5, 0.2, 0.5]",2,40,0.7647946515882039,1420.0
109,1,9,2,"[0.2, 0.2, 0.2]",0,40,0.783381272447794,750.0
110,1,10,2,"[0.5, 0.2, 0.5]",2,40,0.7887467971882457,1040.0
111,1,11,2,"[0.2, 0.5, 0.2]",2,40,0.790084049930413,950.0
112,1,12,2,"[0.2, 0.2, 0.2]",0,40,0.764730472870573,1150.0
113,1,13,2,"[0.2, 0.2, 0.2]",0,40,0.765156216998556,1770.0
114,1,14,2,"[0.2, 0.2, 0.5]",2,40,0.765123185770951,1490.0
115,1,15,2,"[0.2, 0.5, 0.5]",2,40,0.7738852684734231,1200.0
116,1,16,2,"[0.2, 0.2, 0.5]",2,40,0.7634484780787626,1600.0
117,1,17,2,"[0.2, 0.5, 0.2]",2,40,0.7629508201051509,1360.0
118,1,18,2,"[0.5, 0.5, 0.5]",1,40,0.7852847131915526,790.0
119,1,19,2,"[0.2, 0.2, 0.2]",0,40,0.7661203329693195,1810.0
120,1,20,2,"[0.5, 0.5, 0.2]",2,40,0.770678392768129,1540.0
121,1,21,2,"[0.5, 0.2, 0.5]",2,40,0.7864854263507097,1010.0
122,1,22,2,"[0.2, 0.2, 0.5]",2,40,0.7847310316744519,1770.0
123,1,23,2,"[0.5, 0.5, 0.2]",2,40,0.7829822149951199,1710.0
124,1,24,2,"[0.5, 0.2, 0.5]",2,40,0.7890893894995855,580.0
125,1,25,2,"[0.5, 0.5, 0.2]",2,40,0.7809022506387666,1340.0
126,1,26,2,"[0.5, 0.2, 0.2]",2,40,0.7753944672643687,910.0
127,1,27,2,"[0.5, 0.5, 0.2]",2,40,0.7833353010993056,2230.0
128,1,28,2,"[0.2, 0.2, 0.5]",2,40,0.7674410731731899,1530.0
129,1,29,2,"[0.5, 0.5, 0.2]",2,40,0.7886470799659528,570.0
130,1,30,2,"[0.5, 0.2, 0.2]",2,40,0.7730511740824682,1350.0
131,1,31,2,"[0.2, 0.2, 0.5]",2,40,0.7818530728262977,1710.0
132,1,32,2,"[0.2, 0.2, 0.5]",2,40,0.7750908362256493,1760.0
133,1,33,2,"[0.5, 0.5, 0.5]",1,40,0.7799118752218941,1230.0
134,1,34,2,"[0.5, 0.2, 0.2]",2,40,0.7846154729322529,2010.0
135,1,35,2,"[0.2, 0.2, 0.5]",2,40,0.758368644166076,2730.0
136,1,36,2,"[0.5, 0.5, 0.2]",2,40,0.7349118254550404,3400.0
137,1,37,2,"[0.5, 0.2, 0.2]",2,40,0.7666882038825341,1300.0
138,1,38,2,"[0.2, 0.2, 0.2]",0,40,0.7449513716308459,1960.0
139,1,39,2,"[0.2, 0.2, 0.5]",2,40,0.7711570097356442,880.0
140,1,40,2,"[0.5, 0.5, 0.5]",1,40,0.7828327156697282,1380.0
141,1,41,2,"[0.5, 0.2, 0.5]",2,40,0.7875659048284332,1820.0
142,1,42,2,"[0.2, 0.2, 0.2]",0,40,0.7544355227805972,2750.0
143,1,43,2,"[0.5, 0.5, 0.5]",1,40,0.7885451935262077,1830.0
144,1,44,2,"[0.5, 0.2, 0.5]",2,40,0.7873414559488239,400.0
145,1,45,2,"[0.2, 0.5, 0.5]",2,40,0.7707454686407974,1550.0
146,1,46,2,"[0.5, 0.5, 0.5]",1,40,0.7891866339198386,1020.0
147,1,47,2,"[0.2, 0.5, 0.5]",2,40,0.776013954423326,1180.0
148,1,48,2,"[0.2, 0.2, 0.2]",0,40,0.7539412476124996,1630.0
149,1,49,2,"[0.5, 0.2, 0.2]",2,40,0.7789762207596095,1590.0
150,1,50,2,"[0.2, 0.2, 0.2]",0,40,0.7297677516782759,2770.0
151,1,51,2,"[0.2, 0.2, 0.2]",0,40,0.7694055479707195,1310.0
152,1,52,2,"[0.5, 0.5, 0.5]",1,40,0.7785489905880061,1000.0
153,1,53,2,"[0.2, 0.5, 0.2]",2,40,0.7750558053576765,1510.0
154,1,54,2,"[0.2, 0.2, 0.2]",0,40,0.7596246775242832,1940.0
155,1,55,2,"[0.5, 0.2, 0.2]",2,40,0.7671817768739948,1170.0
156,1,56,2,"[0.2, 0.5, 0.2]",2,40,0.7870071848096504,480.0
157,1,57,2,"[0.2, 0.2, 0.2]",0,40,0.7628540006744589,1750.0
158,1,58,2,"[0.2, 0.5, 0.2]",2,40,0.7582377301619506,1590.0
159,1,59,2,"[0.2, 0.2, 0.2]",0,40,0.7735016839336896,1130.0
160,1,60,2,"[0.2, 0.2, 0.2]",0,40,0.7568752012570802,2090.0
161,1,61,2,"[0.2, 0.2, 0.5]",2,40,0.7569028351995687,1610.0
162,1,62,2,"[0.2, 0.5, 0.2]",2,40,0.7820508529897546,1050.0
163,1,63,2,"[0.2, 0.5, 0.5]",2,40,0.7732115906795329,1840.0
164,1,64,2,"[0.2, 0.2, 0.2]",0,40,0.752892185297388,1540.0
165,1,65,2,"[0.2, 0.2, 0.5]",2,40,0.7678074178090232,660.0
166,1,66,2,"[0.5, 0.2, 0.5]",2,40,0.7500086649769097,1550.0
167,1,67,2,"[0.2, 0.2, 0.2]",0,40,0.7631458148737601,1760.0
168,1,68,2,"[0.2, 0.5, 0.5]",2,40,0.7660988138664533,940.0
169,1,69,2,"[0.5, 0.5, 0.2]",2,40,0.7798469057618362,960.0
170,1,70,2,"[0.5, 0.5, 0.5]",1,40,0.7874906109175235,1160.0
171,1,71,2,"[0.5, 0.2, 0.2]",2,40,0.75338003724967,2140.0
172,1,72,2,"[0.2, 0.2, 0.2]",0,40,0.7873425904165334,2290.0
173,1,73,2,"[0.2, 0.2, 0.2]",0,40,0.7606048054761159,2290.0
174,1,74,2,"[0.2, 0.2, 0.5]",2,40,0.778122483161592,1120.0
175,1,75,2,"[0.5, 0.2, 0.5]",2,40,0.7819983981634354,720.0
176,1,76,2,"[0.5, 0.5, 0.5]",1,40,0.7836359132002687,2170.0
177,1,77,2,"[0.2, 0.2, 0.2]",0,40,0.7763306012016133,1510.0
178,1,78,2,"[0.2, 0.2, 0.5]",2,40,0.7671876014082022,2160.0
179,1,79,2,"[0.2, 0.2, 0.2]",0,40,0.7781044634586937,1140.0
180,1,80,2,"[0.2, 0.5, 0.2]",2,40,0.7717829137242127,1200.0
181,1,81,2,"[0.5, 0.5, 0.5]",1,40,0.7828965155302233,1230.0
182,1,82,2,"[0.5, 0.2, 0.2]",2,40,0.7882463699806974,1810.0
183,1,83,2,"[0.5, 0.2, 0.5]",2,40,0.7731416394002962,1180.0
184,1,84,2,"[0.2, 0.2, 0.2]",0,40,0.7519018954720137,2360.0
185,1,85,2,"[0.5, 0.2, 0.5]",2,40,0.7843966836438974,1860.0
186,1,86,2,"[0.2, 0.2, 0.5]",2,40,0.7818061985480802,1780.0
187,1,87,2,"[0.2, 0.5, 0.2]",2,40,0.7896791681478268,1640.0
188,1,88,2,"[0.5, 0.2, 0.2]",2,40,0.7425408045653232,1810.0
189,1,89,2,"[0.2, 0.2, 0.2]",0,40,0.7546296905526297,3130.0
190,1,90,2,"[0.2, 0.5, 0.2]",2,40,0.7544335524617773,1850.0
191,1,91,2,"[0.2, 0.2, 0.2]",0,40,0.7726424014662581,1130.0
192,1,92,2,"[0.5, 0.5, 0.2]",2,40,0.7872227368755012,1240.0
193,1,93,2,"[0.5, 0.2, 0.5]",2,40,0.7818977963911281,910.0
194,1,94,2,"[0.5, 0.5, 0.5]",1,40,0.7816864509738397,1000.0
195,1,95,2,"[0.5, 0.2, 0.2]",2,40,0.7482881947825002,2080.0
196,1,96,2,"[0.5, 0.5, 0.5]",1,40,0.7770779559204627,1570.0
197,1,97,2,"[0.2, 0.5, 0.5]",2,40,0.7928972658845406,960.0
198,1,98,2,"[0.2, 0.5, 0.2]",2,40,0.7517553059172185,1580.0
199,1,99,2,"[0.5, 0.2, 0.5]",2,40,0.7829533856827776,1010.0
0,2,0,0,[0.5],1,22,0.9721907324833917,500.0
1,2,1,0,[0.5],1,22,0.969290322221369,1160.0
2,2,2,0,[0.2],0,22,0.9252887179393432,2320.0
3,2,3,0,[0.2],0,22,0.931200002021152,1530.0
4,2,4,0,[0.2],0,22,0.9171990465535292,1900.0
5,2,5,0,[0.5],1,22,0.9618060850703264,1290.0
6,2,6,0,[0.2],0,22,0.9506379644375161,830.0
7,2,7,0,[0.5],1,22,0.9466389640754393,910.0
8,2,8,0,[0.2],0,22,0.9418397483312468,2120.0
9,2,9,0,[0.2],0,22,0.9382962639225271,2370.0
10,2,10,0,[0.2],0,22,0.9617689708565894,2330.0
11,2,11,0,[0.2],0,22,0.915423501472334,1910.0
12,2,12,0,[0.2],0,22,0.9587048463450344,1070.0
13,2,13,0,[0.2],0,22,0.9497267093997055,900.0
14,2,14,0,[0.2],0,22,0.9385587923030043,1330.0
15,2,15,0,[0.2],0,22,0.9474407954529417,2000.0
16,2,16,0,[0.2],0,22,0.9679628027289013,330.0
17,2,17,0,[0.5],1,22,0.9743228986143302,480.0
18,2,18,0,[0.2],0,22,0.9622071685235156,1240.0
19,2,19,0,[0.2],0,22,0.9568050826839585,1670.0
20,2,20,0,[0.5],1,22,0.9764936870414145,740.0
21,2,21,0,[0.5],1,22,0.9729782601835611,790.0
22,2,22,0,[0.2],0,22,0.9424278536570228,1730.0
23,2,23,0,[0.2],0,22,0.9479006196606373,1690.0
24,2,24,0,[0.2],0,22,0.9429114554414725,1490.0
25,2,25,0,[0.2],0,22,0.9330684076907828,1880.0
26,2,26,0,[0.5],1,22,0.9731785410371139,990.0
27,2,27,0,[0.2],0,22,0.9127615085423766,2160.0
28,2,28,0,[0.2],0,22,0.9447528774376915,2300.0
29,2,29,0,[0.5],1,22,0.9582961604747283,930.0
30,2,30,0,[0.2],0,22,0.8900537947078715,2730.0
31,2,31,0,[0.2],0,22,0.9161754060962931,3370.0
32,2,32,0,[0.5],1,22,0.969733762209074,1580.0
33,2,33,0,[0.2],0,22,0.9649703955956032,1900.0
34,2,34,0,[0.5],1,22,0.9363587645991206,1980.0
35,2,35,0,[0.5],1,22,0.9539327109876733,1960.0
36,2,36,0,[0.2],0,22,0.9510596619878426,1810.0
37,2,37,0,[0.5],1,22,0.959858853288861,870.0
38,2,38,0,[0.2],0,22,0.9384357322391373,1950.0
39,2,39,0,[0.2],0,22,0.9530723177084337,1830.0
40,2,40,0,[0.2],0,22,0.9416573674783183,2470.0
41,2,41,0,[0.5],1,22,0.9778482551755506,700.0
42,2,42,0,[0.2],0,22,0.9264794242629256,1890.0
43,2,43,0,[0.5],1,22,0.9792398242041954,860.0
44,2,44,0,[0.5],1,22,0.9860173601708097,870.0
45,2,45,0,[0.2],0,22,0.9636140371881736,1710.0
46,2,46,0,[0.2],0,22,0.9345965710742685,2360.0
47,2,47,0,[0.2],0,22,0.9604671484077856,1360.0
48,2,48,0,[0.5],1,22,0.979298789326312,350.0
49,2,49,0,[0.2],0,22,0.9333054229490417,2400.0
50,2,50,0,[0.2],0,22,0.9350436628380868,1940.0
51,2,51,0,[0.5],1,22,0.9613223349455351,1930.0
52,2,52,0,[0.2],0,22,0.9270503934854101,1500.0
53,2,53,0,[0.2],0,22,0.9447087542670322,1670.0
54,2,54,0,[0.5],1,22,0.9745803909226521,990.0
55,2,55,0,[0.2],0,22,0.9407540926456139,2620.0
56,2,56,0,[0.2],0,22,0.9420887968518682,2130.0
57,2,57,0,[0.2],0,22,0.9450025540594273,1930.0
58,2,58,0,[0.5],1,22,0.9876852522962386,260.0
59,2,59,0,[0.2],0,22,0.9616391152029158,1500.0
60,2,60,0,[0.2],0,22,0.9402686704872185,1640.0
61,2,61,0,[0.2],0,22,0.9664541499163349,1530.0
62,2,62,0,[0.2],0,22,0.9483459736594297,1610.0
63,2,63,0,[0.2],0,22,0.9166042572828714,2440.0
64,2,64,0,[0.2],0,22,0.9583538546370927,1490.0
65,2,65,0,[0.5],1,22,0.9746216501465181,710.0
66,2,66,0,[0.5],1,22,0.9842628584946858,1110.0
67,2,67,0,[0.5],1,22,0.9638079577357241,1830.0
68,2,68,0,[0.5],1,22,0.9570053309646028,1490.0
69,2,69,0,[0.5],1,22,0.9746235974743996,780.0
70,2,70,0,[0.5],1,22,0.9615863580619888,1120.0
71,2,71,0,[0.5],1,22,0.9696926620798627,1340.0
72,2,72,0,[0.2],0,22,0.9418227214342624,2850.0
73,2,73,0,[0.2],0,22,0.9581804830558023,2230.0
74,2,74,0,[0.2],0,22,0.9526433834955378,2360.0
75,2,75,0,[0.2],0,22,0.9356375221177097,1680.0
76,2,76,0,[0.2],0,22,0.9460705734039742,2320.0
77,2,77,0,[0.5],1,22,0.9665684454716094,1350.0
78,2,78,0,[0.2],0,22,0.9658546148026567,2230.0
79,2,79,0,[0.2],0,22,0.9199554685186238,2370.0
80,2,80,0,[0.2],0,22,0.9420798718527007,1530.0
81,2,81,0,[0.2],0,22,0.9721268275894197,1130.0
82,2,82,0,[0.2],0,22,0.9674113184804572,1260.0
83,2,83,0,[0.5],1,22,0.9714946650847012,1040.0
84,2,84,0,[0.5],1,22,0.9783312482257124,430.0
85,2,85,0,[0.2],0,22,0.9507353757739314,2130.0
86,2,86,0,[0.5],1,22,0.9771573897388302,760.0
87,2,87,0,[0.5],1,22,0.9773281795650391,740.0
88,2,88,0,[0.5],1,22,0.9626195821233238,1180.0
89,2,89,0,[0.2],0,22,0.9475128706807214,2880.0
90,2,90,0,[0.2],0,22,0.955006379312506,1720.0
91,2,91,0,[0.5],1,22,0.9809224161844712,1580.0
92,2,92,0,[0.2],0,22,0.9149254610049219,1600.0
93,2,93,0,[0.5],1,22,0.9651716614441948,1630.0
94,2,94,0,[0.2],0,22,0.9526551643301608,1540.0
95,2,95,0,[0.5],1,22,0.9789301276424803,290.0
96,2,96,0,[0.5],1,22,0.9707660167991198,670.0
97,2,97,0,[0.2],0,22,0.9059658085269885,3070.0
98,2,98,0,[0.2],0,22,0.980245231397245,1730.0
99,2,99,0,[0.2],0,22,0.9528824943267395,1450.0
100,2,0,1,"[0.15, 0.15]",0,24,0.7325671212454674,1100.0
101,2,1,1,"[0.15, 0.15]",0,24,0.7078070752264775,3290.0
102,2,2,1,"[0.15, 0.15]",0,24,0.7326724139082313,2970.0
103,2,3,1,"[0.4, 0.15]",2,24,0.749110291867227,1800.0
104,2,4,1,"[0.4, 0.15]",2,24,0.7806227667094253,920.0
105,2,5,1,"[0.4, 0.4]",1,24,0.787396845514416,950.0
106,2,6,1,"[0.15, 0.4]",2,24,0.7235635103874671,2490.0
107,2,7,1,"[0.15, 0.15]",0,24,0.7444161808896574,2200.0
108,2,8,1,"[0.4, 0.4]",1,24,0.7874577459146129,700.0
109,2,9,1,"[0.4, 0.4]",1,24,0.7809544991898774,980.0
110,2,10,1,"[0.15, 0.15]",0,24,0.7456531356416339,2360.0
111,2,11,1,"[0.15, 0.15]",0,24,0.7427402804515464,3150.0
112,2,12,1,"[0.4, 0.15]",2,24,0.7771681606809759,1620.0
113,2,13,1,"[0.4, 0.15]",2,24,0.7827330288629661,1360.0
114,2,14,1,"[0.15, 0.15]",0,24,0.7702876868363808,1280.0
115,2,15,1,"[0.15, 0.15]",0,24,0.743540776600983,2300.0
116,2,16,1,"[0.4, 0.4]",1,24,0.7844321056078075,1340.0
117,2,17,1,"[0.15, 0.15]",0,24,0.777019949157707,1320.0
118,2,18,1,"[0.15, 0.15]",0,24,0.7752824130664451,1640.0
119,2,19,1,"[0.4, 0.15]",2,24,0.7481428445907331,2940.0
120,2,20,1,"[0.4, 0.15]",2,24,0.7340098920686754,2530.0
121,2,21,1,"[0.4, 0.15]",2,24,0.7869177701113085,740.0
122,2,22,1,"[0.4, 0.4]",1,24,0.7831806167482446,1780.0
123,2,23,1,"[0.15, 0.4]",2,24,0.7593415033763662,2310.0
124,2,24,1,"[0.15, 0.15]",0,24,0.7061684688775879,3700.0
125,2,25,1,"[0.15, 0.15]",0,24,0.7504592693503603,2250.0
126,2,26,1,"[0.15, 0.15]",0,24,0.7578104673449595,2530.0
127,2,27,1,"[0.15, 0.15]",0,24,0.6744818725335169,3050.0
128,2,28,1,"[0.4, 0.15]",2,24,0.784164215207355,1010.0
129,2,29,1,"[0.15, 0.15]",0,24,0.7000708839457329,2700.0
130,2,30,1,"[0.15, 0.4]",2,24,0.7719432076610432,1940.0
131,2,31,1,"[0.15, 0.15]",0,24,0.7623994852940007,1700.0
132,2,32,1,"[0.15, 0.15]",0,24,0.7714905963836831,1280.0
133,2,33,1,"[0.15, 0.15]",0,24,0.7383501779232142,2700.0
134,2,34,1,"[0.15, 0.4]",2,24,0.7348617319431675,3830.0
135,2,35,1,"[0.15, 0.4]",2,24,0.7834129088804349,1540.0
136,2,36,1,"[0.15, 0.15]",0,24,0.7365241015000349,2710.0
137,2,37,1,"[0.15, 0.15]",0,24,0.7781139811807367,670.0
138,2,38,1,"[0.15, 0.15]",0,24,0.7483557282130993,1950.0
139,2,39,1,"[0.15, 0.4]",2,24,0.7341983141808667,2490.0
140,2,40,1,"[0.15, 0.4]",2,24,0.7564417313854761,1550.0
141,2,41,1,"[0.15, 0.15]",0,24,0.7681056667866083,1620.0
142,2,42,1,"[0.4, 0.4]",1,24,0.780442557108156,1430.0
143,2,43,1,"[0.15, 0.15]",0,24,0.7446103876581138,2710.0
144,2,44,1,"[0.15, 0.4]",2,24,0.7813457087514658,1480.0
145,2,45,1,"[0.15, 0.4]",2,24,0.7554541307252909,1930.0
146,2,46,1,"[0.4, 0.4]",1,24,0.7805083511914811,2040.0
147,2,47,1,"[0.15, 0.15]",0,24,0.7476491965103267,2670.0
148,2,48,1,"[0.15, 0.15]",0,24,0.7352288002450589,3700.0
149,2,49,1,"[0.4, 0.15]",2,24,0.7582771362725952,2710.0
150,2,50,1,"[0.15, 0.4]",2,24,0.7686903378820436,2540.0
151,2,51,1,"[0.4, 0.15]",2,24,0.764653549809891,1740.0
152,2,52,1,"[0.15, 0.15]",0,24,0.7445307261585438,1660.0
153,2,53,1,"[0.4, 0.4]",1,24,0.7822410089835224,950.0
154,2,54,1,"[0.4, 0.15]",2,24,0.7853418405631689,530.0
155,2,55,1,"[0.15, 0.4]",2,24,0.7617356418643926,2290.0
156,2,56,1,"[0.15, 0.15]",0,24,0.7688986244939265,920.0
157,2,57,1,"[0.4, 0.15]",2,24,0.7462308416379034,2500.0
158,2,58,1,"[0.15, 0.15]",0,24,0.7230157926904004,1900.0
159,2,59,1,"[0.4, 0.15]",2,24,0.7789715065122,2020.0
160,2,60,1,"[0.15, 0.4]",2,24,0.7701018814499615,1400.0
161,2,61,1,"[0.4, 0.15]",2,24,0.7613337049220802,2080.0
162,2,62,1,"[0.4, 0.4]",1,24,0.7688238172937343,1570.0
163,2,63,1,"[0.4, 0.4]",1,24,0.7760512664042736,1710.0
164,2,64,1,"[0.4, 0.15]",2,24,0.7801994759765896,960.0
165,2,65,1,"[0.15, 0.15]",0,24,0.7328021566632915,2680.0
166,2,66,1,"[0.15, 0.4]",2,24,0.7617336398177391,3890.0
167,2,67,1,"[0.4, 0.15]",2,24,0.7710702948453646,1730.0
168,2,68,1,"[0.4, 0.15]",2,24,0.688662144024117,3360.0
169,2,69,1,"[0.15, 0.4]",2,24,0.7870929027107321,850.0
170,2,70,1,"[0.15, 0.4]",2,24,0.7624072587908172,1050.0
171,2,71,1,"[0.15, 0.4]",2,24,0.7644629106225745,1600.0
172,2,72,1,"[0.4, 0.4]",1,24,0.7701633851228473,2000.0
173,2,73,1,"[0.15, 0.4]",2,24,0.7672807753237091,2130.0
174,2,74,1,"[0.15, 0.15]",0,24,0.7628656025145737,3290.0
175,2,75,1,"[0.15, 0.15]",0,24,0.7370131925786589,3090.0
176,2,76,1,"[0.15, 0.15]",0,24,0.7345787937002957,2900.0
177,2,77,1,"[0.4, 0.15]",2,24,0.7727426810304179,2510.0
178,2,78,1,"[0.15, 0.15]",0,24,0.7286742428630277,1890.0
179,2,79,1,"[0.15, 0.15]",0,24,0.7429530439739543,3100.0
180,2,80,1,"[0.4, 0.15]",2,24,0.7617220700904719,1840.0
181,2,81,1,"[0.15, 0.4]",2,24,0.787007846110543,1690.0
182,2,82,1,"[0.4, 0.15]",2,24,0.767893580750593,1430.0
183,2,83,1,"[0.15, 0.4]",2,24,0.7789421855099476,1700.0
184,2,84,1,"[0.15, 0.4]",2,24,0.7923540813663916,880.0
185,2,85,1,"[0.4, 0.15]",2,24,0.7667551982461834,1560.0
186,2,86,1,"[0.15, 0.15]",0,24,0.7441143542940646,1890.0
187,2,87,1,"[0.15, 0.4]",2,24,0.775740994470939,1750.0
188,2,88,1,"[0.4, 0.15]",2,24,0.779925139242639,1470.0
189,2,89,1,"[0.4, 0.4]",1,24,0.7874645300407117,870.0
190,2,90,1,"[0.15, 0.4]",2,24,0.7528396433097969,2080.0
191,2,91,1,"[0.15, 0.15]",0,24,0.7261719009005847,1900.0
192,2,92,1,"[0.4, 0.15]",2,24,0.7585144123896697,1750.0
193,2,93,1,"[0.15, 0.15]",0,24,0.7586887462320997,2300.0
194,2,94,1,"[0.15, 0.15]",0,24,0.7215613722175392,3720.0
195,2,95,1,"[0.4, 0.4]",1,24,0.7817928623217256,1150.0
196,2,96,1,"[0.4, 0.4]",1,24,0.7778675185682498,1410.0
197,2,97,1,"[0.15, 0.4]",2,24,0.7661004385435846,1510.0
198,2,98,1,"[0.15, 0.15]",0,24,0.7383630803457046,1950.0
199,2,99,1,"[0.15, 0.15]",0,24,0.7693548502045837,2140.0
200,2,0,0,[0.2],0,37,0.970276028708473,800.0
201,2,1,0,[0.5],1,37,0.9636581253841008,1000.0
202,2,2,0,[0.2],0,37,0.9545623231223834,1250.0
203,2,3,0,[0.2],0,37,0.924929606641143,1890.0
204,2,4,0,[0.2],0,37,0.9330757794468276,1700.0
205,2,5,0,[0.5],1,37,0.9769659330579041,730.0
206,2,6,0,[0.5],1,37,0.9772614200577528,1390.0
207,2,7,0,[0.2],0,37,0.9110747592219917,1730.0
208,2,8,0,[0.5],1,37,0.952780988302312,950.0
209,2,9,0,[0.2],0,37,0.9260065113382142,1940.0
210,2,10,0,[0.2],0,37,0.9350274229133838,1290.0
211,2,11,0,[0.2],0,37,0.9451306236776832,1720.0
212,2,12,0,[0.5],1,37,0.9717503655454619,780.0
213,2,13,0,[0.2],0,37,0.9439988374382211,2540.0
214,2,14,0,[0.2],0,37,0.932173121444962,1910.0
215,2,15,0,[0.2],0,37,0.9592968725375816,720.0
216,2,16,0,[0.5],1,37,0.9649330571298479,1140.0
217,2,17,0,[0.2],0,37,0.8928826408900804,2760.0
218,2,18,0,[0.5],1,37,0.9583390406519234,1910.0
219,2,19,0,[0.5],1,37,0.9633303226841483,1160.0
220,2,20,0,[0.2],0,37,0.9592988800040636,1540.0
221,2,21,0,[0.5],1,37,0.979735997785856,710.0
222,2,22,0,[0.5],1,37,0.9553050777042761,1200.0
223,2,23,0,[0.2],0,37,0.9629846057204512,1310.0
224,2,24,0,[0.5],1,37,0.9860210722152534,220.0
225,2,25,0,[0.2],0,37,0.9557823393643485,1130.0
226,2,26,0,[0.5],1,37,0.9716577172606526,1290.0
227,2,27,0,[0.5],1,37,0.9025502694111424,1540.0
228,2,28,0,[0.2],0,37,0.9670989672513861,1230.0
229,2,29,0,[0.2],0,37,0.9655876983209286,1870.0
230,2,30,0,[0.2],0,37,0.9515037721082299,1880.0
231,2,31,0,[0.5],1,37,0.9623977371309843,860.0
232,2,32,0,[0.2],0,37,0.9474800849053788,2310.0
233,2,33,0,[0.2],0,37,0.9249238771234776,1520.0
234,2,34,0,[0.2],0,37,0.9145849780087617,1690.0
235,2,35,0,[0.2],0,37,0.9673298139274022,1370.0
236,2,36,0,[0.2],0,37,0.960634424504746,2240.0
237,2,37,0,[0.2],0,37,0.9654382295036076,1260.0
238,2,38,0,[0.5],1,37,0.9661784228974392,1170.0
239,2,39,0,[0.2],0,37,0.9712820212517029,1430.0
240,2,40,0,[0.2],0,37,0.9363839643698803,2550.0
241,2,41,0,[0.5],1,37,0.9675469875249867,820.0
242,2,42,0,[0.2],0,37,0.9544225024563038,1700.0
243,2,43,0,[0.5],1,37,0.9800354159004839,540.0
244,2,44,0,[0.2],0,37,0.9439897761057683,1470.0
245,2,45,0,[0.2],0,37,0.9505080987081318,1910.0
246,2,46,0,[0.5],1,37,0.971887234969931,430.0
247,2,47,0,[0.2],0,37,0.9292077347670625,1770.0
248,2,48,0,[0.2],0,37,0.9518880874971672,2240.0
249,2,49,0,[0.5],1,37,0.9618518412448619,1450.0
250,2,50,0,[0.5],1,37,0.9707018500867153,1140.0
251,2,51,0,[0.5],1,37,0.9486167750302335,820.0
252,2,52,0,[0.5],1,37,0.9705863950985254,980.0
253,2,53,0,[0.5],1,37,0.96419741789338,1420.0
254,2,54,0,[0.2],0,37,0.9221041668272062,3310.0
255,2,55,0,[0.2],0,37,0.9319207334671442,1880.0
256,2,56,0,[0.2],0,37,0.9475516675195526,1280.0
257,2,57,0,[0.2],0,37,0.95077525765333,1900.0
258,2,58,0,[0.5],1,37,0.9465186369148476,1110.0
259,2,59,0,[0.2],0,37,0.9404106916321754,1510.0
260,2,60,0,[0.5],1,37,0.9690507560119647,1090.0
261,2,61,0,[0.2],0,37,0.9025002878684681,2750.0
262,2,62,0,[0.2],0,37,0.9404774100367805,1750.0
263,2,63,0,[0.5],1,37,0.9782115086475269,1170.0
264,2,64,0,[0.5],1,37,0.9627915304755457,1030.0
265,2,65,0,[0.5],1,37,0.9730644963354794,1490.0
266,2,66,0,[0.5],1,37,0.9857077501996176,720.0
267,2,67,0,[0.2],0,37,0.9553028874295949,1890.0
268,2,68,0,[0.5],1,37,0.9713934477264984,1190.0
269,2,69,0,[0.5],1,37,0.9651479819733133,1180.0
270,2,70,0,[0.2],0,37,0.9557770174661002,1860.0
271,2,71,0,[0.5],1,37,0.9823264909165944,820.0
272,2,72,0,[0.5],1,37,0.9781036939778037,1070.0
273,2,73,0,[0.2],0,37,0.918483630037077,2520.0
274,2,74,0,[0.5],1,37,0.951786412549491,1490.0
275,2,75,0,[0.5],1,37,0.941332023607298,2070.0
276,2,76,0,[0.5],1,37,0.953763407114766,1460.0
277,2,77,0,[0.5],1,37,0.9757682659909722,720.0
278,2,78,0,[0.5],1,37,0.965664094069657,990.0
279,2,79,0,[0.2],0,37,0.9420365679815723,1670.0
280,2,80,0,[0.2],0,37,0.9264514104807507,2080.0
281,2,81,0,[0.5],1,37,0.9637580762266184,1160.0
282,2,82,0,[0.2],0,37,0.9641947538923337,750.0
283,2,83,0,[0.2],0,37,0.9219688144589735,1970.0
284,2,84,0,[0.2],0,37,0.92471031567844,3310.0
285,2,85,0,[0.2],0,37,0.960835937567011,890.0
286,2,86,0,[0.2],0,37,0.9618368064323214,1670.0
287,2,87,0,[0.5],1,37,0.9788494863521121,780.0
288,2,88,0,[0.5],1,37,0.9735380660336459,840.0
289,2,89,0,[0.2],0,37,0.9470170142670892,2370.0
290,2,90,0,[0.2],0,37,0.9249875750812483,1930.0
291,2,91,0,[0.2],0,37,0.9722507409499391,500.0
292,2,92,0,[0.2],0,37,0.9533423523470077,1080.0
293,2,93,0,[0.5],1,37,0.9643809740415377,1340.0
294,2,94,0,[0.5],1,37,0.9788794471813248,720.0
295,2,95,0,[0.2],0,37,0.9533891311723254,2530.0
296,2,96,0,[0.5],1,37,0.9605494550997016,760.0
297,2,97,0,[0.5],1,37,0.9705605031552761,1170.0
298,2,98,0,[0.5],1,37,0.9722232817003152,1000.0
299,2,99,0,[0.2],0,37,0.938651917324696,2040.0
300,2,0,1,"[0.5, 0.2]",2,49,0.7732793022564748,1000.0
301,2,1,1,"[0.2, 0.2]",0,49,0.7462945522431682,2500.0
302,2,2,1,"[0.2, 0.2]",0,49,0.7655691799725369,3250.0
303,2,3,1,"[0.2, 0.2]",0,49,0.7367263392511322,2550.0
304,2,4,1,"[0.2, 0.2]",0,49,0.7709096654902515,1540.0
305,2,5,1,"[0.5, 0.2]",2,49,0.7826816189689183,1350.0
306,2,6,1,"[0.2, 0.2]",0,49,0.7609106673633469,2330.0
307,2,7,1,"[0.5, 0.2]",2,49,0.7937683764745089,1110.0
308,2,8,1,"[0.2, 0.2]",0,49,0.7784568904900763,2670.0
309,2,9,1,"[0.5, 0.2]",2,49,0.7519605280388948,1960.0
310,2,10,1,"[0.2, 0.5]",2,49,0.7909660407272854,580.0
311,2,11,1,"[0.5, 0.2]",2,49,0.7757748765379595,1330.0
312,2,12,1,"[0.2, 0.2]",0,49,0.7608412757337029,2230.0
313,2,13,1,"[0.5, 0.2]",2,49,0.7737035286744862,2440.0
314,2,14,1,"[0.5, 0.2]",2,49,0.7765653865067309,1850.0
315,2,15,1,"[0.2, 0.2]",0,49,0.7627064703229667,3500.0
316,2,16,1,"[0.2, 0.2]",0,49,0.7636860912615125,2280.0
317,2,17,1,"[0.2, 0.2]",0,49,0.7631666890143575,2500.0
318,2,18,1,"[0.5, 0.2]",2,49,0.7832949782385488,930.0
319,2,19,1,"[0.2, 0.2]",0,49,0.747714912978549,1770.0
320,2,20,1,"[0.2, 0.2]",0,49,0.752297399358836,2950.0
321,2,21,1,"[0.2, 0.2]",0,49,0.7689690395155476,2000.0
322,2,22,1,"[0.5, 0.2]",2,49,0.7743650220003845,2070.0
323,2,23,1,"[0.2, 0.5]",2,49,0.7816555398031799,1380.0
324,2,24,1,"[0.2, 0.2]",0,49,0.7643931583396557,3130.0
325,2,25,1,"[0.2, 0.2]",0,49,0.7728118649751461,1320.0
326,2,26,1,"[0.2, 0.2]",0,49,0.7675549114921727,2510.0
327,2,27,1,"[0.5, 0.2]",2,49,0.7901074481412935,800.0
328,2,28,1,"[0.2, 0.5]",2,49,0.7562024206921092,1740.0
329,2,29,1,"[0.5, 0.5]",1,49,0.7830817084687299,1150.0
330,2,30,1,"[0.5, 0.2]",2,49,0.7819550080475055,1110.0
331,2,31,1,"[0.5, 0.5]",1,49,0.788185667289171,1170.0
332,2,32,1,"[0.5, 0.2]",2,49,0.7551255287130132,2380.0
333,2,33,1,"[0.2, 0.2]",0,49,0.7800108639762044,1520.0
334,2,34,1,"[0.2, 0.5]",2,49,0.7580521433406106,2000.0
335,2,35,1,"[0.2, 0.2]",0,49,0.7552717466005514,2170.0
336,2,36,1,"[0.2, 0.5]",2,49,0.7765780167968122,1490.0
337,2,37,1,"[0.5, 0.5]",1,49,0.7856189822573546,1150.0
338,2,38,1,"[0.2, 0.2]",0,49,0.7461079810859506,3100.0
339,2,39,1,"[0.5, 0.5]",1,49,0.7805494032251781,1140.0
340,2,40,1,"[0.5, 0.5]",1,49,0.7875687323398181,880.0
341,2,41,1,"[0.2, 0.5]",2,49,0.78705956112626,1300.0
342,2,42,1,"[0.5, 0.5]",1,49,0.7871846358233653,1200.0
343,2,43,1,"[0.2, 0.2]",0,49,0.776769888135877,1130.0
344,2,44,1,"[0.2, 0.2]",0,49,0.786131722258638,1130.0
345,2,45,1,"[0.2, 0.2]",0,49,0.7664961828579108,1480.0
346,2,46,1,"[0.2, 0.2]",0,49,0.7792461615592741,1060.0
347,2,47,1,"[0.2, 0.2]",0,49,0.7630077270406505,2100.0
348,2,48,1,"[0.2, 0.2]",0,49,0.7344977089672023,2740.0
349,2,49,1,"[0.5, 0.2]",2,49,0.786482339986469,1950.0
350,2,50,1,"[0.2, 0.2]",0,49,0.7577011963459818,2200.0
351,2,51,1,"[0.2, 0.2]",0,49,0.7611159445447555,1760.0
352,2,52,1,"[0.5, 0.5]",1,49,0.7884796126861392,1050.0
353,2,53,1,"[0.2, 0.2]",0,49,0.7666108213185416,2460.0
354,2,54,1,"[0.5, 0.5]",1,49,0.7900551822228232,1810.0
355,2,55,1,"[0.5, 0.2]",2,49,0.7637401492712501,2180.0
356,2,56,1,"[0.5, 0.2]",2,49,0.7760467018312796,590.0
357,2,57,1,"[0.2, 0.5]",2,49,0.7780805101873787,2360.0
358,2,58,1,"[0.2, 0.5]",2,49,0.7888860562847533,1120.0
359,2,59,1,"[0.2, 0.2]",0,49,0.7778069688010752,1330.0
360,2,60,1,"[0.5, 0.2]",2,49,0.7836472984978061,820.0
361,2,61,1,"[0.2, 0.2]",0,49,0.7446770105754371,1520.0
362,2,62,1,"[0.2, 0.5]",2,49,0.7827583437496399,1350.0
363,2,63,1,"[0.5, 0.5]",1,49,0.7895172782497518,890.0
364,2,64,1,"[0.2, 0.5]",2,49,0.7660578546726768,1470.0
365,2,65,1,"[0.5, 0.5]",1,49,0.7861121699284054,1970.0
366,2,66,1,"[0.5, 0.2]",2,49,0.7693939879869822,1380.0
367,2,67,1,"[0.5, 0.2]",2,49,0.7858239120802032,820.0
368,2,68,1,"[0.5, 0.2]",2,49,0.7860290115320083,1690.0
369,2,69,1,"[0.5, 0.2]",2,49,0.7790101743351494,2040.0
370,2,70,1,"[0.2, 0.2]",0,49,0.7642096159980586,2500.0
371,2,71,1,"[0.2, 0.2]",0,49,0.7606801695869174,2300.0
372,2,72,1,"[0.2, 0.5]",2,49,0.789738062749478,750.0
373,2,73,1,"[0.2, 0.2]",0,49,0.7524933389015704,2320.0
374,2,74,1,"[0.5, 0.2]",2,49,0.7894842706422194,1810.0
375,2,75,1,"[0.5, 0.2]",2,49,0.7920554154476162,920.0
376,2,76,1,"[0.5, 0.2]",2,49,0.7742295856080487,1710.0
377,2,77,1,"[0.2, 0.5]",2,49,0.7785933393716539,900.0
378,2,78,1,"[0.2, 0.5]",2,49,0.7935288308720155,770.0
379,2,79,1,"[0.2, 0.2]",0,49,0.776111935101723,1340.0
380,2,80,1,"[0.5, 0.2]",2,49,0.778403815584036,1760.0
381,2,81,1,"[0.5, 0.5]",1,49,0.7747109145540096,1040.0
382,2,82,1,"[0.2, 0.5]",2,49,0.7602308718409306,2120.0
383,2,83,1,"[0.5, 0.5]",1,49,0.7761783407994225,1970.0
384,2,84,1,"[0.5, 0.5]",1,49,0.7815235885785725,1790.0
385,2,85,1,"[0.5, 0.2]",2,49,0.784218369534488,1170.0
386,2,86,1,"[0.2, 0.2]",0,49,0.747247069584726,2230.0
387,2,87,1,"[0.2, 0.2]",0,49,0.7752683573498241,1460.0
388,2,88,1,"[0.2, 0.2]",0,49,0.7636470905397267,1320.0
389,2,89,1,"[0.2, 0.5]",2,49,0.7710630800297685,1680.0
390,2,90,1,"[0.5, 0.2]",2,49,0.7868822554668903,1340.0
391,2,91,1,"[0.2, 0.2]",0,49,0.759639903382817,1360.0
392,2,92,1,"[0.2, 0.2]",0,49,0.7723861642985262,1760.0
393,2,93,1,"[0.5, 0.5]",1,49,0.7864434874121059,1190.0
394,2,94,1,"[0.2, 0.5]",2,49,0.7613981222975997,1130.0
395,2,95,1,"[0.2, 0.5]",2,49,0.7670515263027001,1740.0
396,2,96,1,"[0.2, 0.2]",0,49,0.7679484980861426,2580.0
397,2,97,1,"[0.2, 0.5]",2,49,0.7585468588512753,1690.0
398,2,98,1,"[0.2, 0.2]",0,49,0.7652875088842225,1560.0
399,2,99,1,"[0.5, 0.5]",1,49,0.78814013685766,1150.0
0,3,0,0,[0.5],1,50,0.9604467171077372,1410.0
1,3,1,0,[0.5],1,50,0.9781296810834744,370.0
2,3,2,0,[0.2],0,50,0.95111541280025,2250.0
3,3,3,0,[0.2],0,50,0.9505447802811299,2260.0
4,3,4,0,[0.2],0,50,0.9586906524064781,2120.0
5,3,5,0,[0.2],0,50,0.9712581643966991,910.0
6,3,6,0,[0.2],0,50,0.9647825130818602,960.0
7,3,7,0,[0.2],0,50,0.945669144483537,2050.0
8,3,8,0,[0.2],0,50,0.9308713388144585,3470.0
9,3,9,0,[0.5],1,50,0.978289196231454,970.0
10,3,10,0,[0.2],0,50,0.9478477093339988,2500.0
11,3,11,0,[0.2],0,50,0.9669892432304891,1320.0
12,3,12,0,[0.5],1,50,0.9706091100221286,1830.0
13,3,13,0,[0.2],0,50,0.9578699434597918,2500.0
14,3,14,0,[0.2],0,50,0.920730408368877,2320.0
15,3,15,0,[0.2],0,50,0.9512392105096268,1720.0
16,3,16,0,[0.5],1,50,0.971803797227599,500.0
17,3,17,0,[0.2],0,50,0.8955760256279682,3890.0
18,3,18,0,[0.2],0,50,0.9632069707510742,1270.0
19,3,19,0,[0.2],0,50,0.9634585165193396,2300.0
20,3,20,0,[0.2],0,50,0.9350919995556338,1610.0
21,3,21,0,[0.5],1,50,0.9604689403975102,930.0
22,3,22,0,[0.5],1,50,0.9468236400767713,2310.0
23,3,23,0,[0.2],0,50,0.96478896305507,1540.0
24,3,24,0,[0.2],0,50,0.9593915802833968,1330.0
25,3,25,0,[0.5],1,50,0.9774522186126938,930.0
26,3,26,0,[0.5],1,50,0.9758852710850455,530.0
27,3,27,0,[0.2],0,50,0.953286657882333,2500.0
28,3,28,0,[0.2],0,50,0.952885039769337,1460.0
29,3,29,0,[0.2],0,50,0.9502001670698473,2100.0
30,3,30,0,[0.5],1,50,0.9733916266189769,630.0
31,3,31,0,[0.5],1,50,0.9774905485114809,580.0
32,3,32,0,[0.2],0,50,0.9603863955841656,590.0
33,3,33,0,[0.2],0,50,0.9491520743640088,2930.0
34,3,34,0,[0.2],0,50,0.9548493804175582,2310.0
35,3,35,0,[0.2],0,50,0.9325547182770841,2270.0
36,3,36,0,[0.2],0,50,0.941383069635963,2960.0
37,3,37,0,[0.5],1,50,0.9648134859809439,890.0
38,3,38,0,[0.2],0,50,0.9358162464714281,1760.0
39,3,39,0,[0.5],1,50,0.9681054118955386,750.0
40,3,40,0,[0.2],0,50,0.9206240955088649,2540.0
41,3,41,0,[0.2],0,50,0.9520518647752259,1290.0
42,3,42,0,[0.2],0,50,0.9629750485872276,1470.0
43,3,43,0,[0.2],0,50,0.9616934208562384,2090.0
44,3,44,0,[0.2],0,50,0.9279882029129077,2750.0
45,3,45,0,[0.2],0,50,0.9483248103611465,2100.0
46,3,46,0,[0.2],0,50,0.947715246850048,1160.0
47,3,47,0,[0.2],0,50,0.939236028370788,1960.0
48,3,48,0,[0.5],1,50,0.967051811895326,1360.0
49,3,49,0,[0.2],0,50,0.9272311114976947,2240.0
50,3,50,0,[0.2],0,50,0.9543273910440805,1760.0
51,3,51,0,[0.5],1,50,0.9621204709976483,970.0
52,3,52,0,[0.5],1,50,0.9572135150422794,1260.0
53,3,53,0,[0.2],0,50,0.9612312239964785,1900.0
54,3,54,0,[0.5],1,50,0.9713234673003236,1000.0
55,3,55,0,[0.2],0,50,0.9439820278627967,2520.0
56,3,56,0,[0.2],0,50,0.943993444934724,2440.0
57,3,57,0,[0.5],1,50,0.9808285025411455,530.0
58,3,58,0,[0.5],1,50,0.9463257446501592,1230.0
59,3,59,0,[0.5],1,50,0.9775213460200084,310.0
60,3,60,0,[0.2],0,50,0.9185482552899736,1110.0
61,3,61,0,[0.2],0,50,0.9074688565904758,1510.0
62,3,62,0,[0.2],0,50,0.9316253410680496,1340.0
63,3,63,0,[0.5],1,50,0.9582410656875716,1530.0
64,3,64,0,[0.5],1,50,0.9871194272984792,260.0
65,3,65,0,[0.2],0,50,0.9750977246987083,1250.0
66,3,66,0,[0.2],0,50,0.9075367326057902,1860.0
67,3,67,0,[0.2],0,50,0.9493366013198948,1610.0
68,3,68,0,[0.5],1,50,0.958042358362728,760.0
69,3,69,0,[0.2],0,50,0.9596947824419384,1530.0
70,3,70,0,[0.5],1,50,0.9581564547103436,1380.0
71,3,71,0,[0.2],0,50,0.9336996658280391,1060.0
72,3,72,0,[0.2],0,50,0.9722921916351326,880.0
73,3,73,0,[0.5],1,50,0.9275424581081353,2460.0
74,3,74,0,[0.2],0,50,0.9693936457208693,1330.0
75,3,75,0,[0.2],0,50,0.9538714509132123,1040.0
76,3,76,0,[0.2],0,50,0.9608504741415055,1500.0
77,3,77,0,[0.2],0,50,0.9499032160006353,1640.0
78,3,78,0,[0.2],0,50,0.9698255986844959,1660.0
79,3,79,0,[0.5],1,50,0.969097425417776,970.0
80,3,80,0,[0.5],1,50,0.9573973246905438,1160.0
81,3,81,0,[0.5],1,50,0.9797042828813751,500.0
82,3,82,0,[0.5],1,50,0.9491247578594042,1490.0
83,3,83,0,[0.5],1,50,0.9585799955686255,920.0
84,3,84,0,[0.5],1,50,0.9483527583724015,2040.0
85,3,85,0,[0.2],0,50,0.926807743363335,2060.0
86,3,86,0,[0.5],1,50,0.9645705545492663,1270.0
87,3,87,0,[0.5],1,50,0.9596237090173377,1720.0
88,3,88,0,[0.2],0,50,0.948057293135264,1440.0
89,3,89,0,[0.5],1,50,0.9558743718588584,1860.0
90,3,90,0,[0.2],0,50,0.9394731216789154,1920.0
91,3,91,0,[0.5],1,50,0.981543124725275,930.0
92,3,92,0,[0.2],0,50,0.9537431627301031,1940.0
93,3,93,0,[0.5],1,50,0.9640472951385254,1230.0
94,3,94,0,[0.2],0,50,0.9428197059600196,1480.0
95,3,95,0,[0.2],0,50,0.9515887316173253,2150.0
96,3,96,0,[0.5],1,50,0.9737450152527448,1150.0
97,3,97,0,[0.2],0,50,0.9682423767635627,1680.0
98,3,98,0,[0.5],1,50,0.979407067149906,1070.0
99,3,99,0,[0.5],1,50,0.9800336426221821,800.0
100,3,0,2,"[0.2, 0.5, 0.2]",2,57,0.7680009622924594,2260.0
101,3,1,2,"[0.2, 0.5, 0.2]",2,57,0.7452605197446646,1530.0
102,3,2,2,"[0.5, 0.5, 0.2]",2,57,0.7781391864785473,750.0
103,3,3,2,"[0.2, 0.2, 0.5]",2,57,0.7523355223379113,2180.0
104,3,4,2,"[0.2, 0.2, 0.5]",2,57,0.7586122316937701,1590.0
105,3,5,2,"[0.2, 0.2, 0.2]",0,57,0.757400008923691,2580.0
106,3,6,2,"[0.5, 0.2, 0.2]",2,57,0.77157090873636,2680.0
107,3,7,2,"[0.5, 0.5, 0.2]",2,57,0.7782628081811247,1830.0
108,3,8,2,"[0.5, 0.5, 0.5]",1,57,0.7890721860936738,1040.0
109,3,9,2,"[0.2, 0.2, 0.5]",2,57,0.7452208266409358,1790.0
110,3,10,2,"[0.2, 0.2, 0.2]",0,57,0.748486172344922,1540.0
111,3,11,2,"[0.2, 0.2, 0.5]",2,57,0.7591417345838264,1710.0
112,3,12,2,"[0.2, 0.2, 0.5]",2,57,0.7716676360253429,2170.0
113,3,13,2,"[0.5, 0.5, 0.2]",2,57,0.7835130627073615,1100.0
114,3,14,2,"[0.5, 0.2, 0.5]",2,57,0.7810352875466694,1030.0
115,3,15,2,"[0.5, 0.2, 0.2]",2,57,0.7762665558056288,1890.0
116,3,16,2,"[0.5, 0.5, 0.5]",1,57,0.7869093106572274,900.0
117,3,17,2,"[0.2, 0.2, 0.2]",0,57,0.7741719151626465,1570.0
118,3,18,2,"[0.2, 0.2, 0.2]",0,57,0.7514032483271544,1090.0
119,3,19,2,"[0.2, 0.5, 0.2]",2,57,0.7699150927814575,940.0
120,3,20,2,"[0.2, 0.2, 0.2]",0,57,0.7639132892960512,1540.0
121,3,21,2,"[0.2, 0.2, 0.2]",0,57,0.7604948237438195,1620.0
122,3,22,2,"[0.5, 0.2, 0.2]",2,57,0.7697743908851129,2320.0
123,3,23,2,"[0.5, 0.5, 0.2]",2,57,0.7702352102574404,2560.0
124,3,24,2,"[0.5, 0.5, 0.2]",2,57,0.7720888688501383,990.0
125,3,25,2,"[0.5, 0.2, 0.5]",2,57,0.7857923757694034,1330.0
126,3,26,2,"[0.2, 0.2, 0.2]",0,57,0.7726419911040879,1950.0
127,3,27,2,"[0.2, 0.5, 0.2]",2,57,0.7731840769135212,1450.0
128,3,28,2,"[0.2, 0.5, 0.2]",2,57,0.7803151609545924,1610.0
129,3,29,2,"[0.5, 0.5, 0.2]",2,57,0.7884296220972401,600.0
130,3,30,2,"[0.2, 0.2, 0.2]",0,57,0.7741574443549031,1810.0
131,3,31,2,"[0.5, 0.5, 0.2]",2,57,0.7707828109762359,1400.0
132,3,32,2,"[0.2, 0.5, 0.2]",2,57,0.781867780403267,1320.0
133,3,33,2,"[0.5, 0.2, 0.2]",2,57,0.7673871236562119,1690.0
134,3,34,2,"[0.5, 0.2, 0.5]",2,57,0.7857934692364035,560.0
135,3,35,2,"[0.5, 0.2, 0.2]",2,57,0.7699460856043974,2780.0
136,3,36,2,"[0.2, 0.2, 0.2]",0,57,0.7312868505858287,2770.0
137,3,37,2,"[0.5, 0.2, 0.2]",2,57,0.7481889361807655,3620.0
138,3,38,2,"[0.5, 0.2, 0.5]",2,57,0.7673901081971439,1230.0
139,3,39,2,"[0.2, 0.2, 0.2]",0,57,0.7610561856265219,2200.0
140,3,40,2,"[0.2, 0.2, 0.2]",0,57,0.7582906616523133,1960.0
141,3,41,2,"[0.5, 0.2, 0.5]",2,57,0.783546819108292,1260.0
142,3,42,2,"[0.2, 0.5, 0.2]",2,57,0.7650249073843302,1620.0
143,3,43,2,"[0.2, 0.2, 0.5]",2,57,0.7875386683859474,650.0
144,3,44,2,"[0.5, 0.5, 0.2]",2,57,0.7960971835294242,740.0
145,3,45,2,"[0.2, 0.2, 0.2]",0,57,0.76545985018468,2340.0
146,3,46,2,"[0.5, 0.5, 0.2]",2,57,0.7753398620414415,1340.0
147,3,47,2,"[0.2, 0.2, 0.2]",0,57,0.7595873261366668,1310.0
148,3,48,2,"[0.2, 0.2, 0.5]",2,57,0.7841566494743986,1360.0
149,3,49,2,"[0.2, 0.2, 0.2]",0,57,0.7799313680900943,1700.0
150,3,50,2,"[0.2, 0.2, 0.5]",2,57,0.7671286408158821,3210.0
151,3,51,2,"[0.2, 0.2, 0.2]",0,57,0.7665382943172901,2380.0
152,3,52,2,"[0.2, 0.2, 0.5]",2,57,0.743950855782976,2160.0
153,3,53,2,"[0.2, 0.2, 0.2]",0,57,0.7592014040431628,2320.0
154,3,54,2,"[0.2, 0.2, 0.2]",0,57,0.7721050822658543,1570.0
155,3,55,2,"[0.2, 0.2, 0.2]",0,57,0.75245548496593,2290.0
156,3,56,2,"[0.2, 0.5, 0.5]",2,57,0.7639754086393199,1860.0
157,3,57,2,"[0.2, 0.2, 0.2]",0,57,0.7584872688634355,1710.0
158,3,58,2,"[0.2, 0.5, 0.2]",2,57,0.7637429945347257,2190.0
159,3,59,2,"[0.2, 0.2, 0.5]",2,57,0.7758169782421395,1760.0
160,3,60,2,"[0.5, 0.2, 0.5]",2,57,0.7697868111696037,1360.0
161,3,61,2,"[0.5, 0.2, 0.2]",2,57,0.7674864791884608,3540.0
162,3,62,2,"[0.5, 0.5, 0.5]",1,57,0.7824528076115166,780.0
163,3,63,2,"[0.5, 0.2, 0.5]",2,57,0.7421434441007663,3000.0
164,3,64,2,"[0.2, 0.5, 0.2]",2,57,0.7251780809058916,2740.0
165,3,65,2,"[0.2, 0.5, 0.5]",2,57,0.7714447293032762,1320.0
166,3,66,2,"[0.5, 0.5, 0.5]",1,57,0.7907709187110045,390.0
167,3,67,2,"[0.2, 0.5, 0.2]",2,57,0.7810570372644751,1760.0
168,3,68,2,"[0.2, 0.2, 0.2]",0,57,0.7436204092006933,1550.0
169,3,69,2,"[0.5, 0.2, 0.5]",2,57,0.7864456363296561,780.0
170,3,70,2,"[0.2, 0.2, 0.2]",0,57,0.7145177108823519,1920.0
171,3,71,2,"[0.5, 0.2, 0.2]",2,57,0.7822634796422344,2220.0
172,3,72,2,"[0.5, 0.2, 0.2]",2,57,0.7838221447025419,2160.0
173,3,73,2,"[0.2, 0.2, 0.5]",2,57,0.7649399205484566,1530.0
174,3,74,2,"[0.5, 0.5, 0.5]",1,57,0.7720356447563198,950.0
175,3,75,2,"[0.5, 0.2, 0.2]",2,57,0.7721211133105694,2350.0
176,3,76,2,"[0.2, 0.5, 0.2]",2,57,0.7642785263617722,1690.0
177,3,77,2,"[0.2, 0.2, 0.2]",0,57,0.7548929238261487,1780.0
178,3,78,2,"[0.2, 0.2, 0.5]",2,57,0.7395309927004476,3550.0
179,3,79,2,"[0.5, 0.2, 0.2]",2,57,0.7587001867992671,3120.0
180,3,80,2,"[0.5, 0.2, 0.2]",2,57,0.7730235646833291,2530.0
181,3,81,2,"[0.5, 0.5, 0.5]",1,57,0.7829624887605796,1220.0
182,3,82,2,"[0.2, 0.2, 0.5]",2,57,0.7685392426095491,2990.0
183,3,83,2,"[0.5, 0.2, 0.5]",2,57,0.7867343370722579,920.0
184,3,84,2,"[0.2, 0.5, 0.2]",2,57,0.7496129191163529,1870.0
185,3,85,2,"[0.2, 0.2, 0.5]",2,57,0.7688741814343519,1970.0
186,3,86,2,"[0.2, 0.5, 0.5]",2,57,0.7322202598008014,3210.0
187,3,87,2,"[0.2, 0.5, 0.5]",2,57,0.7922163080388804,930.0
188,3,88,2,"[0.2, 0.2, 0.5]",2,57,0.7552656350492443,2270.0
189,3,89,2,"[0.2, 0.2, 0.2]",0,57,0.765979113701288,1860.0
190,3,90,2,"[0.2, 0.5, 0.2]",2,57,0.7635699150784583,1960.0
191,3,91,2,"[0.2, 0.2, 0.2]",0,57,0.7585861939015877,2190.0
192,3,92,2,"[0.5, 0.2, 0.2]",2,57,0.7388355107842927,2560.0
193,3,93,2,"[0.5, 0.5, 0.2]",2,57,0.7671763921078275,1920.0
194,3,94,2,"[0.2, 0.2, 0.5]",2,57,0.764993164147806,2770.0
195,3,95,2,"[0.5, 0.5, 0.2]",2,57,0.736599602407668,1930.0
196,3,96,2,"[0.5, 0.2, 0.5]",2,57,0.7930924682570659,1080.0
197,3,97,2,"[0.2, 0.2, 0.5]",2,57,0.7845929746935588,1440.0
198,3,98,2,"[0.2, 0.2, 0.5]",2,57,0.7666429108976838,1770.0
199,3,99,2,"[0.2, 0.5, 0.2]",2,57,0.7683740101663946,2090.0
0,4,0,2,"[0.15, 0.15, 0.15]",0,43,0.747028099974612,2570.0
1,4,1,2,"[0.4, 0.4, 0.15]",2,43,0.719307116138775,1910.0
2,4,2,2,"[0.15, 0.4, 0.15]",2,43,0.7514729107295091,2600.0
3,4,3,2,"[0.4, 0.4, 0.4]",1,43,0.7861273538502878,1190.0
4,4,4,2,"[0.15, 0.15, 0.15]",0,43,0.7195556595945223,3330.0
5,4,5,2,"[0.4, 0.15, 0.15]",2,43,0.7407107543346133,2480.0
6,4,6,2,"[0.15, 0.4, 0.15]",2,43,0.743997234272159,3160.0
7,4,7,2,"[0.15, 0.15, 0.15]",0,43,0.7710839455167476,1690.0
8,4,8,2,"[0.4, 0.4, 0.4]",1,43,0.7651308917668881,1740.0
9,4,9,2,"[0.15, 0.15, 0.4]",2,43,0.7757365372996193,1750.0
10,4,10,2,"[0.4, 0.15, 0.15]",2,43,0.7642865313801588,2550.0
11,4,11,2,"[0.15, 0.4, 0.15]",2,43,0.7857416552522342,1530.0
12,4,12,2,"[0.4, 0.15, 0.15]",2,43,0.7785417316937746,830.0
13,4,13,2,"[0.4, 0.15, 0.4]",2,43,0.7679987680282615,1760.0
14,4,14,2,"[0.15, 0.15, 0.15]",0,43,0.7605136356480151,1910.0
15,4,15,2,"[0.4, 0.15, 0.4]",2,43,0.7522054165310235,1530.0
16,4,16,2,"[0.15, 0.15, 0.4]",2,43,0.7325575471953869,1510.0
17,4,17,2,"[0.15, 0.4, 0.4]",2,43,0.7700211666024668,1920.0
18,4,18,2,"[0.4, 0.4, 0.4]",1,43,0.7736037570955372,2570.0
19,4,19,2,"[0.15, 0.15, 0.4]",2,43,0.7799140235517538,1510.0
20,4,20,2,"[0.4, 0.4, 0.15]",2,43,0.7582034796543393,1530.0
21,4,21,2,"[0.15, 0.15, 0.15]",0,43,0.7650264034036972,2310.0
22,4,22,2,"[0.15, 0.4, 0.4]",2,43,0.7811789305633211,1240.0
23,4,23,2,"[0.15, 0.15, 0.4]",2,43,0.7694258709368169,2290.0
24,4,24,2,"[0.4, 0.15, 0.4]",2,43,0.7832101591185129,1410.0
25,4,25,2,"[0.15, 0.15, 0.15]",0,43,0.7581457124469104,2680.0
26,4,26,2,"[0.4, 0.4, 0.15]",2,43,0.7602145944022654,2540.0
27,4,27,2,"[0.4, 0.15, 0.15]",2,43,0.7455696006422918,1970.0
28,4,28,2,"[0.15, 0.15, 0.15]",0,43,0.756512318410621,3130.0
29,4,29,2,"[0.15, 0.4, 0.4]",2,43,0.7401293613933966,3150.0
30,4,30,2,"[0.15, 0.4, 0.4]",2,43,0.7823830978051081,1140.0
31,4,31,2,"[0.15, 0.15, 0.4]",2,43,0.726800521148268,2390.0
32,4,32,2,"[0.15, 0.15, 0.15]",0,43,0.7497906503024943,2320.0
33,4,33,2,"[0.15, 0.4, 0.15]",2,43,0.7634326013824886,1520.0
34,4,34,2,"[0.4, 0.15, 0.15]",2,43,0.7564945198754056,1520.0
35,4,35,2,"[0.15, 0.4, 0.4]",2,43,0.7558662490533072,2500.0
36,4,36,2,"[0.15, 0.15, 0.15]",0,43,0.7680047599310358,1850.0
37,4,37,2,"[0.15, 0.4, 0.4]",2,43,0.7758339953006772,1580.0
38,4,38,2,"[0.15, 0.4, 0.15]",2,43,0.7784675247844162,3130.0
39,4,39,2,"[0.4, 0.15, 0.15]",2,43,0.7769565482932445,2670.0
40,4,40,2,"[0.15, 0.4, 0.4]",2,43,0.7550879917072646,1430.0
41,4,41,2,"[0.15, 0.15, 0.15]",0,43,0.7327448804597294,2950.0
42,4,42,2,"[0.15, 0.4, 0.15]",2,43,0.7336242407808892,3560.0
43,4,43,2,"[0.4, 0.15, 0.4]",2,43,0.7429239039249738,2320.0
44,4,44,2,"[0.15, 0.15, 0.4]",2,43,0.7477273150545939,1860.0
45,4,45,2,"[0.15, 0.4, 0.15]",2,43,0.7803778785004555,1750.0
46,4,46,2,"[0.15, 0.4, 0.4]",2,43,0.7687567262945537,1950.0
47,4,47,2,"[0.4, 0.15, 0.15]",2,43,0.7688833952991486,1990.0
48,4,48,2,"[0.4, 0.15, 0.15]",2,43,0.7595459770481642,3060.0
49,4,49,2,"[0.4, 0.15, 0.15]",2,43,0.7222420808073136,2980.0
50,4,50,2,"[0.15, 0.15, 0.15]",0,43,0.7235484043982157,3730.0
51,4,51,2,"[0.4, 0.15, 0.15]",2,43,0.7658226488823855,1700.0
52,4,52,2,"[0.4, 0.15, 0.15]",2,43,0.783184019209765,1010.0
53,4,53,2,"[0.4, 0.15, 0.15]",2,43,0.737019476089794,2120.0
54,4,54,2,"[0.15, 0.4, 0.15]",2,43,0.7467081546698549,1360.0
55,4,55,2,"[0.4, 0.4, 0.15]",2,43,0.7678928468039291,760.0
56,4,56,2,"[0.4, 0.15, 0.15]",2,43,0.7468570253845898,2010.0
57,4,57,2,"[0.15, 0.15, 0.4]",2,43,0.7642068145130118,1540.0
58,4,58,2,"[0.15, 0.15, 0.15]",0,43,0.7559171524860768,3100.0
59,4,59,2,"[0.15, 0.4, 0.15]",2,43,0.7255118933932102,4140.0
60,4,60,2,"[0.15, 0.15, 0.15]",0,43,0.7439205908419345,1930.0
61,4,61,2,"[0.4, 0.15, 0.4]",2,43,0.7713144320197575,1790.0
62,4,62,2,"[0.4, 0.15, 0.4]",2,43,0.7455895344880166,1950.0
63,4,63,2,"[0.4, 0.15, 0.15]",2,43,0.790509210988163,1540.0
64,4,64,2,"[0.4, 0.15, 0.4]",2,43,0.6744241056123768,3730.0
65,4,65,2,"[0.15, 0.15, 0.4]",2,43,0.7778269537385869,1180.0
66,4,66,2,"[0.15, 0.15, 0.15]",0,43,0.7099657271576607,2110.0
67,4,67,2,"[0.15, 0.4, 0.15]",2,43,0.7623590693116736,2160.0
68,4,68,2,"[0.4, 0.15, 0.15]",2,43,0.7619349458085961,2910.0
69,4,69,2,"[0.15, 0.15, 0.15]",0,43,0.7510803553261923,2500.0
70,4,70,2,"[0.4, 0.4, 0.4]",1,43,0.7853755578291448,1190.0
71,4,71,2,"[0.4, 0.4, 0.4]",1,43,0.7752119712107602,1200.0
72,4,72,2,"[0.4, 0.15, 0.4]",2,43,0.7234176334653445,2800.0
73,4,73,2,"[0.4, 0.4, 0.15]",2,43,0.7554360319154589,2330.0
74,4,74,2,"[0.4, 0.15, 0.15]",2,43,0.7554992004493774,2720.0
75,4,75,2,"[0.4, 0.15, 0.15]",2,43,0.756987094176036,1260.0
76,4,76,2,"[0.15, 0.15, 0.15]",0,43,0.7491368165380861,2330.0
77,4,77,2,"[0.15, 0.15, 0.4]",2,43,0.7376361721059692,1550.0
78,4,78,2,"[0.4, 0.4, 0.15]",2,43,0.7832620007775463,2270.0
79,4,79,2,"[0.15, 0.4, 0.15]",2,43,0.7366569845449814,2110.0
80,4,80,2,"[0.15, 0.15, 0.15]",0,43,0.7207470515993686,2050.0
81,4,81,2,"[0.4, 0.15, 0.15]",2,43,0.7770546034823465,1520.0
82,4,82,2,"[0.4, 0.15, 0.4]",2,43,0.7801484950549734,970.0
83,4,83,2,"[0.15, 0.4, 0.4]",2,43,0.7863081936604336,1150.0
84,4,84,2,"[0.15, 0.15, 0.15]",0,43,0.7637221645786749,2590.0
85,4,85,2,"[0.15, 0.15, 0.15]",0,43,0.7535967814931415,3060.0
86,4,86,2,"[0.15, 0.15, 0.15]",0,43,0.7501020362559286,2320.0
87,4,87,2,"[0.15, 0.15, 0.15]",0,43,0.7511660176292151,3070.0
88,4,88,2,"[0.15, 0.15, 0.4]",2,43,0.764324909582126,2910.0
89,4,89,2,"[0.15, 0.4, 0.4]",2,43,0.7815571791696684,1170.0
90,4,90,2,"[0.4, 0.4, 0.4]",1,43,0.7881969489234032,970.0
91,4,91,2,"[0.15, 0.15, 0.15]",0,43,0.771771964538538,1140.0
92,4,92,2,"[0.4, 0.4, 0.15]",2,43,0.7610882745179817,2890.0
93,4,93,2,"[0.4, 0.4, 0.4]",1,43,0.7778341303258848,870.0
94,4,94,2,"[0.15, 0.4, 0.4]",2,43,0.7660639764855066,1310.0
95,4,95,2,"[0.4, 0.4, 0.15]",2,43,0.7697831326742616,1770.0
96,4,96,2,"[0.4, 0.15, 0.15]",2,43,0.7435492523488827,1750.0
97,4,97,2,"[0.15, 0.15, 0.15]",0,43,0.7193233391094229,3280.0
98,4,98,2,"[0.15, 0.15, 0.4]",2,43,0.7843199902220177,1790.0
99,4,99,2,"[0.15, 0.15, 0.4]",2,43,0.7247665535903285,2170.0
100,4,0,1,"[0.15, 0.4]",2,58,0.7452636027021332,1490.0
101,4,1,1,"[0.4, 0.15]",2,58,0.7700490023238222,1860.0
102,4,2,1,"[0.15, 0.15]",0,58,0.7631331361930788,2690.0
103,4,3,1,"[0.15, 0.15]",0,58,0.755666206891007,1750.0
104,4,4,1,"[0.15, 0.15]",0,58,0.7634644969713529,1320.0
105,4,5,1,"[0.15, 0.15]",0,58,0.7542919061318262,2150.0
106,4,6,1,"[0.4, 0.15]",2,58,0.7645307067298741,1830.0
107,4,7,1,"[0.4, 0.15]",2,58,0.7329395884861623,2590.0
108,4,8,1,"[0.15, 0.15]",0,58,0.7324031647892727,2320.0
109,4,9,1,"[0.4, 0.15]",2,58,0.7817048533434251,1820.0
110,4,10,1,"[0.15, 0.15]",0,58,0.7508087821339651,3110.0
111,4,11,1,"[0.15, 0.4]",2,58,0.7672313275032128,1710.0
112,4,12,1,"[0.4, 0.15]",2,58,0.7498386094747445,1540.0
113,4,13,1,"[0.4, 0.15]",2,58,0.78298816323242,1400.0
114,4,14,1,"[0.4, 0.15]",2,58,0.7791789339004294,1910.0
115,4,15,1,"[0.4, 0.4]",1,58,0.775033527638993,2190.0
116,4,16,1,"[0.4, 0.4]",1,58,0.7780551492120049,1740.0
117,4,17,1,"[0.15, 0.15]",0,58,0.7399940029518948,2320.0
118,4,18,1,"[0.4, 0.15]",2,58,0.7699760898772974,1290.0
119,4,19,1,"[0.15, 0.15]",0,58,0.7575613805969705,2300.0
120,4,20,1,"[0.4, 0.4]",1,58,0.776891346587459,1350.0
121,4,21,1,"[0.4, 0.4]",1,58,0.7730834898461163,2330.0
122,4,22,1,"[0.15, 0.4]",2,58,0.7766415978528042,1430.0
123,4,23,1,"[0.4, 0.15]",2,58,0.7333592218915298,1910.0
124,4,24,1,"[0.4, 0.4]",1,58,0.7894676658997439,750.0
125,4,25,1,"[0.4, 0.15]",2,58,0.7497067708764497,1830.0
126,4,26,1,"[0.4, 0.15]",2,58,0.782296862413261,1160.0
127,4,27,1,"[0.15, 0.15]",0,58,0.767965792766664,1450.0
128,4,28,1,"[0.15, 0.4]",2,58,0.7748787606444328,530.0
129,4,29,1,"[0.15, 0.4]",2,58,0.7626077039085887,2600.0
130,4,30,1,"[0.4, 0.4]",1,58,0.7834815160976873,1400.0
131,4,31,1,"[0.4, 0.4]",1,58,0.7773316332663966,500.0
132,4,32,1,"[0.15, 0.4]",2,58,0.7257278577189701,1590.0
133,4,33,1,"[0.15, 0.4]",2,58,0.7508237577859528,2600.0
134,4,34,1,"[0.15, 0.15]",0,58,0.7362395670893036,1750.0
135,4,35,1,"[0.15, 0.4]",2,58,0.7695892760808355,2250.0
136,4,36,1,"[0.15, 0.15]",0,58,0.7388915376430633,2530.0
137,4,37,1,"[0.4, 0.15]",2,58,0.7639724292905125,1470.0
138,4,38,1,"[0.15, 0.15]",0,58,0.7447942684067739,2290.0
139,4,39,1,"[0.15, 0.4]",2,58,0.7662506085737797,1740.0
140,4,40,1,"[0.4, 0.4]",1,58,0.7772261922316859,1060.0
141,4,41,1,"[0.15, 0.15]",0,58,0.7439800819716014,1930.0
142,4,42,1,"[0.4, 0.4]",1,58,0.7850527490610051,1180.0
143,4,43,1,"[0.15, 0.15]",0,58,0.7401632765024675,3100.0
144,4,44,1,"[0.4, 0.4]",1,58,0.7789160091851072,1140.0
145,4,45,1,"[0.15, 0.4]",2,58,0.7706712334880756,1310.0
146,4,46,1,"[0.15, 0.4]",2,58,0.774357425499403,1720.0
147,4,47,1,"[0.15, 0.15]",0,58,0.7690092057805927,1230.0
148,4,48,1,"[0.15, 0.4]",2,58,0.7735695779827925,1590.0
149,4,49,1,"[0.4, 0.15]",2,58,0.78017415177731,1080.0
150,4,50,1,"[0.4, 0.15]",2,58,0.756094940097653,2520.0
151,4,51,1,"[0.4, 0.15]",2,58,0.7774079491832458,1210.0
152,4,52,1,"[0.4, 0.15]",2,58,0.7373353179619895,2790.0
153,4,53,1,"[0.4, 0.4]",1,58,0.773963581038208,1870.0
154,4,54,1,"[0.4, 0.15]",2,58,0.7417278784992325,3490.0
155,4,55,1,"[0.4, 0.15]",2,58,0.7852620129032903,1370.0
156,4,56,1,"[0.15, 0.4]",2,58,0.7861525352131167,1400.0
157,4,57,1,"[0.15, 0.4]",2,58,0.7446124663052579,2180.0
158,4,58,1,"[0.15, 0.15]",0,58,0.7491501513719638,2070.0
159,4,59,1,"[0.15, 0.4]",2,58,0.7048166454351007,2890.0
160,4,60,1,"[0.15, 0.15]",0,58,0.7471702332793829,2490.0
161,4,61,1,"[0.4, 0.4]",1,58,0.7862015641954011,590.0
162,4,62,1,"[0.15, 0.15]",0,58,0.73595672325358,2900.0
163,4,63,1,"[0.4, 0.4]",1,58,0.7827695444535817,1610.0
164,4,64,1,"[0.15, 0.4]",2,58,0.7722311093762164,680.0
165,4,65,1,"[0.4, 0.15]",2,58,0.7505442148707393,2140.0
166,4,66,1,"[0.15, 0.15]",0,58,0.7121210419760746,2760.0
167,4,67,1,"[0.15, 0.15]",0,58,0.7696712176724684,2890.0
168,4,68,1,"[0.4, 0.15]",2,58,0.7383127209245318,3890.0
169,4,69,1,"[0.4, 0.15]",2,58,0.7854462288770251,1520.0
170,4,70,1,"[0.4, 0.15]",2,58,0.7774911425020794,1560.0
171,4,71,1,"[0.4, 0.15]",2,58,0.789420512215949,1050.0
172,4,72,1,"[0.15, 0.15]",0,58,0.7520144331615934,1270.0
173,4,73,1,"[0.4, 0.4]",1,58,0.7835441250619577,1370.0
174,4,74,1,"[0.15, 0.4]",2,58,0.7453811601127169,2370.0
175,4,75,1,"[0.4, 0.15]",2,58,0.7558510773596259,2090.0
176,4,76,1,"[0.15, 0.15]",0,58,0.7627890416264859,1710.0
177,4,77,1,"[0.15, 0.15]",0,58,0.7603620024164306,2470.0
178,4,78,1,"[0.15, 0.15]",0,58,0.7545244894223345,2670.0
179,4,79,1,"[0.4, 0.15]",2,58,0.7915596503937667,300.0
180,4,80,1,"[0.4, 0.15]",2,58,0.7818432253333786,2070.0
181,4,81,1,"[0.4, 0.4]",1,58,0.778288173316779,1010.0
182,4,82,1,"[0.15, 0.4]",2,58,0.7399362391576906,1820.0
183,4,83,1,"[0.4, 0.15]",2,58,0.784511906499554,970.0
184,4,84,1,"[0.4, 0.15]",2,58,0.7691986942084847,2520.0
185,4,85,1,"[0.4, 0.4]",1,58,0.7882716510713789,740.0
186,4,86,1,"[0.15, 0.4]",2,58,0.7689874533721999,1150.0
187,4,87,1,"[0.15, 0.15]",0,58,0.7395025337486724,2900.0
188,4,88,1,"[0.15, 0.4]",2,58,0.7460036559761675,1870.0
189,4,89,1,"[0.15, 0.4]",2,58,0.7788387802267609,1550.0
190,4,90,1,"[0.15, 0.15]",0,58,0.7721383683779133,2110.0
191,4,91,1,"[0.15, 0.15]",0,58,0.7301063623415728,2540.0
192,4,92,1,"[0.15, 0.15]",0,58,0.7328025582504524,2280.0
193,4,93,1,"[0.15, 0.4]",2,58,0.7782137447200834,1330.0
194,4,94,1,"[0.15, 0.15]",0,58,0.7493655471198459,2770.0
195,4,95,1,"[0.4, 0.15]",2,58,0.7791735387664641,1080.0
196,4,96,1,"[0.15, 0.4]",2,58,0.7330547556600178,1860.0
197,4,97,1,"[0.15, 0.4]",2,58,0.7827807621640629,1910.0
198,4,98,1,"[0.15, 0.15]",0,58,0.7436102730799525,1950.0
199,4,99,1,"[0.15, 0.15]",0,58,0.7520842782468004,2370.0
200,4,0,0,[0.5],1,63,0.9779014060712258,900.0
201,4,1,0,[0.2],0,63,0.957889948296393,1310.0
202,4,2,0,[0.5],1,63,0.9793300708933859,580.0
203,4,3,0,[0.2],0,63,0.9817198493153722,420.0
204,4,4,0,[0.5],1,63,0.9709346938364519,1050.0
205,4,5,0,[0.2],0,63,0.9411614266125746,1550.0
206,4,6,0,[0.2],0,63,0.896225269317924,2760.0
207,4,7,0,[0.2],0,63,0.9482474174011959,1860.0
208,4,8,0,[0.5],1,63,0.9711983265910927,560.0
209,4,9,0,[0.5],1,63,0.9515090483997108,460.0
210,4,10,0,[0.2],0,63,0.954586537874976,1460.0
211,4,11,0,[0.5],1,63,0.9744891365108413,1030.0
212,4,12,0,[0.5],1,63,0.9691229098621473,740.0
213,4,13,0,[0.2],0,63,0.9525541013435332,1680.0
214,4,14,0,[0.5],1,63,0.9377382082486216,1350.0
215,4,15,0,[0.5],1,63,0.955282885621981,1090.0
216,4,16,0,[0.5],1,63,0.97459547993496,700.0
217,4,17,0,[0.2],0,63,0.9552737989806512,1120.0
218,4,18,0,[0.5],1,63,0.9698811550134601,1360.0
219,4,19,0,[0.2],0,63,0.96120698137441,1510.0
220,4,20,0,[0.2],0,63,0.9120380012834475,3180.0
221,4,21,0,[0.2],0,63,0.9288342098688966,2370.0
222,4,22,0,[0.5],1,63,0.948070136857323,1510.0
223,4,23,0,[0.2],0,63,0.9662460670423778,840.0
224,4,24,0,[0.5],1,63,0.9783598838156056,960.0
225,4,25,0,[0.5],1,63,0.9789294009216725,660.0
226,4,26,0,[0.2],0,63,0.9372559371834551,1560.0
227,4,27,0,[0.2],0,63,0.9432210363993937,2230.0
228,4,28,0,[0.2],0,63,0.9408945997563697,2080.0
229,4,29,0,[0.2],0,63,0.9603691390623181,1920.0
230,4,30,0,[0.5],1,63,0.9847785330792579,880.0
231,4,31,0,[0.5],1,63,0.9848242695855187,720.0
232,4,32,0,[0.2],0,63,0.9617724637097972,1700.0
233,4,33,0,[0.5],1,63,0.9580021949174464,900.0
234,4,34,0,[0.5],1,63,0.9641061284038849,1000.0
235,4,35,0,[0.2],0,63,0.9617544134485739,1730.0
236,4,36,0,[0.5],1,63,0.9589026839465407,990.0
237,4,37,0,[0.5],1,63,0.9844058988023386,310.0
238,4,38,0,[0.2],0,63,0.9338710921998458,1860.0
239,4,39,0,[0.2],0,63,0.9612207885943117,1330.0
240,4,40,0,[0.2],0,63,0.923045576295603,1850.0
241,4,41,0,[0.2],0,63,0.9727337257589916,1220.0
242,4,42,0,[0.2],0,63,0.910575799583537,3610.0
243,4,43,0,[0.5],1,63,0.9763813506313264,920.0
244,4,44,0,[0.2],0,63,0.9520847455991178,1530.0
245,4,45,0,[0.5],1,63,0.9691758207939929,480.0
246,4,46,0,[0.2],0,63,0.9514451048390707,1920.0
247,4,47,0,[0.2],0,63,0.9476228242779432,1890.0
248,4,48,0,[0.5],1,63,0.9754763837626867,740.0
249,4,49,0,[0.2],0,63,0.9462542157652649,1750.0
250,4,50,0,[0.2],0,63,0.9670938697068092,1440.0
251,4,51,0,[0.2],0,63,0.9113451458839527,2930.0
252,4,52,0,[0.2],0,63,0.9624813577340675,840.0
253,4,53,0,[0.2],0,63,0.9322891125202892,2490.0
254,4,54,0,[0.2],0,63,0.9641246102310707,1450.0
255,4,55,0,[0.2],0,63,0.9355838878605974,1890.0
256,4,56,0,[0.2],0,63,0.9316151674214522,2470.0
257,4,57,0,[0.2],0,63,0.9726735373232087,1150.0
258,4,58,0,[0.2],0,63,0.9636986785001621,1910.0
259,4,59,0,[0.2],0,63,0.9475096097357891,2560.0
260,4,60,0,[0.2],0,63,0.9519974156018145,710.0
261,4,61,0,[0.2],0,63,0.9701282202722805,1070.0
262,4,62,0,[0.5],1,63,0.9729117215519558,520.0
263,4,63,0,[0.5],1,63,0.9679884256730127,560.0
264,4,64,0,[0.2],0,63,0.9295466818024051,2570.0
265,4,65,0,[0.2],0,63,0.897143366416519,3260.0
266,4,66,0,[0.5],1,63,0.9673401506752556,750.0
267,4,67,0,[0.5],1,63,0.9588200361076605,1210.0
268,4,68,0,[0.2],0,63,0.9468459428862024,1730.0
269,4,69,0,[0.2],0,63,0.9231148676290538,2550.0
270,4,70,0,[0.5],1,63,0.9344757619019596,1310.0
271,4,71,0,[0.2],0,63,0.9610421485128584,1190.0
272,4,72,0,[0.2],0,63,0.9678512530194933,1650.0
273,4,73,0,[0.2],0,63,0.9461538451192762,900.0
274,4,74,0,[0.2],0,63,0.9516998668431101,1740.0
275,4,75,0,[0.5],1,63,0.9703871396329437,1560.0
276,4,76,0,[0.2],0,63,0.9568627025350406,1560.0
277,4,77,0,[0.2],0,63,0.966791226151715,2050.0
278,4,78,0,[0.2],0,63,0.9196827749998921,2160.0
279,4,79,0,[0.2],0,63,0.9595781972339118,1240.0
280,4,80,0,[0.5],1,63,0.9784298731358466,1140.0
281,4,81,0,[0.2],0,63,0.9576712813679862,1330.0
282,4,82,0,[0.5],1,63,0.982942004773637,440.0
283,4,83,0,[0.2],0,63,0.9489090496575596,1500.0
284,4,84,0,[0.2],0,63,0.9688814231775549,1240.0
285,4,85,0,[0.2],0,63,0.9618782645299894,1560.0
286,4,86,0,[0.5],1,63,0.9778223705884966,890.0
287,4,87,0,[0.2],0,63,0.9528858943241062,1310.0
288,4,88,0,[0.5],1,63,0.9761228998705249,470.0
289,4,89,0,[0.5],1,63,0.967391945417252,1390.0
290,4,90,0,[0.2],0,63,0.8909265602359345,1530.0
291,4,91,0,[0.2],0,63,0.9442552300524755,1890.0
292,4,92,0,[0.5],1,63,0.9814441225746466,960.0
293,4,93,0,[0.5],1,63,0.9839542670488921,500.0
294,4,94,0,[0.5],1,63,0.9873441293337768,240.0
295,4,95,0,[0.2],0,63,0.9702721488568166,2300.0
296,4,96,0,[0.5],1,63,0.9560360090571602,1070.0
297,4,97,0,[0.5],1,63,0.9765077516147936,960.0
298,4,98,0,[0.2],0,63,0.9602181404832358,1460.0
299,4,99,0,[0.2],0,63,0.9442004742043438,1710.0
